FirstName,LastName,ID,IP
Jonas,Will,61,154.85.252.234
Eveline,Jerde,22,42.178.195.246
Randy,Mohr,65,32.241.123.71
Jesse,Dietrich,70,215.28.213.104
Michelle,Nitzsche,19,204.159.151.96
Xzavier,Thompson,36,149.62.182.80
Larue,Wehner,66,112.228.151.11
Haleigh,Stiedemann,20,173.210.160.213
Roslyn,Bechtelar,62,79.212.10.212
Clyde,Stiedemann,52,34.238.61.98
Erica,McKenzie,20,130.211.46.84
Kolby,Schumm,4,59.246.1.114
Pascale,Grimes,66,131.54.46.233
Lisandro,Kub,46,171.213.76.176
Marie,Brekke,3,248.29.65.13
Johnson,Rodriguez,19,31.112.142.22
Timmothy,Gerlach,54,40.131.251.115
Alec,Hodkiewicz,26,3.192.204.94
Floy,Botsford,4,184.215.252.32
Isaiah,Welch,6,179.211.167.74
Lowell,Ullrich,47,171.148.222.54
Louisa,Ankunding,50,95.202.52.96
Magali,Purdy,59,215.122.120.107
Lexi,Keebler,1,111.90.99.47
Yoshiko,Leffler,47,152.251.211.40
Dave,Ullrich,1,177.128.195.28
Darrion,Bailey,48,143.167.227.192
Samantha,Strosin,70,154.219.178.165
Hassan,Gerhold,48,254.25.200.144
Liliane,Williamson,51,170.249.122.229
Antonette,Ortiz,52,141.208.185.149
Ferne,Kautzer,60,157.12.166.219
Maryse,Weimann,54,72.92.92.147
Bria,McDermott,0,29.182.99.49
Pierre,Hoppe,55,230.152.119.211
Austen,Doyle,54,102.107.102.89
Robb,Friesen,21,167.234.8.13
Enoch,Schaden,64,40.28.253.153
Kathlyn,Auer,68,190.224.176.40
Pink,O'Reilly,58,5.231.204.245
Eva,Leffler,55,44.123.171.67
Whitney,Langworth,70,147.211.33.132
Lilla,Flatley,38,48.106.37.153
Alta,Feil,1,154.149.51.51
Noel,Koss,2,85.248.38.155
Jessie,VonRueden,54,45.124.199.76
Skylar,Aufderhar,60,139.115.163.139
Earnestine,Kohler,52,150.254.251.229
Sammie,Abernathy,34,4.70.181.213
Nadia,Turner,29,126.20.66.105
Zaria,Monahan,61,42.42.73.135
Aaliyah,Runolfsdottir,10,194.191.74.123
Dexter,Lind,49,162.151.115.40
Lane,Hane,62,72.247.229.39
Aubree,Bernhard,65,172.86.133.134
Dillan,Mitchell,30,226.246.149.48
Caterina,Schneider,36,239.232.20.38
Lois,Schumm,39,123.172.186.117
Norval,Von,43,243.255.1.101
Lola,Bosco,62,84.6.170.7
Nola,Hansen,36,39.190.128.33
Alexanne,Legros,42,181.126.93.89
Michael,Will,25,77.136.235.161
Norris,Nolan,55,86.55.181.60
Jevon,Watsica,48,3.57.94.199
Lourdes,Rohan,28,151.220.61.217
Russ,Dicki,68,43.245.203.132
Kade,Hermiston,50,94.6.185.163
Libbie,Fay,25,216.223.54.62
Wyatt,Predovic,41,22.108.75.95
Leann,Langworth,30,217.196.182.131
Claire,Heller,14,195.138.233.219
Lavon,Torp,22,130.93.121.16
Arch,Schinner,42,36.253.199.60
Shakira,Sipes,5,220.225.234.255
Erik,Heller,60,14.20.231.241
Marcus,Runolfsdottir,2,30.178.49.170
Travon,Halvorson,51,60.91.219.89
Krista,Auer,68,240.48.164.125
Mathilde,Hilll,62,151.145.10.58
Vesta,Turcotte,28,101.48.165.191
Shawn,Miller,0,154.29.246.101
Sydnie,Haley,33,98.152.180.139
Jaida,McLaughlin,44,186.97.79.169
Mohammed,Ortiz,52,116.76.255.180
Claudia,Howell,60,3.20.236.188
Alisa,Simonis,20,248.245.185.70
Joannie,Lowe,37,74.33.172.193
Brennon,Kohler,47,140.162.204.133
Nedra,Towne,15,106.244.204.224
Walker,Gulgowski,36,252.125.133.173
Bryce,Stehr,11,173.213.114.15
Bella,Welch,13,142.39.160.154
Kristopher,Wintheiser,3,249.104.63.183
Michele,Howe,24,93.201.176.175
Ben,Lynch,68,235.212.118.100
Giuseppe,Ruecker,16,240.139.159.18
Antonio,Blick,6,45.226.4.142
Elza,Gusikowski,0,151.97.139.125